{"cameraMode":{"drawMode":0,"name":"Shaded","section":"Shading Mode"},"sceneLighting":false,"audioPlay":false,"sceneViewState":{"m_AlwaysRefresh":false,"showFog":true,"showSkybox":false,"showFlares":true,"showImageEffects":true,"showParticleSystems":true,"showVisualEffectGraphs":true,"m_FxEnabled":true},"in2DMode":false,"pivot":{"x":147.93008422851563,"y":4.886615753173828,"z":-55.86885070800781},"rotation":{"x":-0.2958002984523773,"y":-0.010893579572439194,"z":0.0033678163308650257,"w":-0.955193817615509},"size":1.9816994667053223,"orthographic":false}