{"cameraMode":{"drawMode":0,"name":"Shaded","section":"Shading Mode"},"sceneLighting":false,"audioPlay":false,"sceneViewState":{"m_AlwaysRefresh":false,"showFog":true,"showSkybox":false,"showFlares":true,"showImageEffects":true,"showParticleSystems":true,"showVisualEffectGraphs":true,"m_FxEnabled":true},"in2DMode":false,"pivot":{"x":152.6689910888672,"y":11.129693031311036,"z":-58.61384582519531},"rotation":{"x":-0.2958002984523773,"y":-0.010893579572439194,"z":0.0033678163308650257,"w":-0.955193817615509},"size":1.9767720699310303,"orthographic":false}